id,longitude,category,description,sensorRiskAtSubmission,isVerified,latitude,sensorEventCountAtSubmission,createdAt,verificationCount,tripId,flagCount,isFlagged,passengerId,severity,timestamp,flagReason,flaggedAt
0iG6BzGZ4QUqZT6wKln6,121.1283912,Accident,,0.5,false,14.2520899,0,2026-07-24T01:02:15.995612,0,,0,false,59C62FDg1QPkulakJIkf6ZpsAiD2,5,2026-07-23T17:02:16.378Z,,
1AYtg8gNYfcjyi9KuTPN,121.1283912,Hazard,,0.5,false,14.2520899,0,2026-07-24T01:02:54.917780,0,,0,false,59C62FDg1QPkulakJIkf6ZpsAiD2,3,2026-07-23T17:02:55.299Z,,
1Soy3CoDZtxXd5xZKkrB,121.1386833,Speeding,,0.5,false,14.2285717,0,2026-09-17T17:15:12.680560,3,0,0,false,uBsstYW7uufckD1T81zb10QnkYD3,3,2026-09-17T09:15:13.710Z,,
1WRy053F8Eza8xGIlL2a,121.128395,Pothole,,0.5,false,14.2520944,0,2026-07-24T11:06:42.039743,0,,0,false,jsIHb9K9jmcgTX39OvhwH9tstXv1,4,2026-07-24T03:06:42.425Z,,
1r0awLYNDdCIgUfL9wBr,121.1287198161559,Hazard,,0.5,false,14.252158488249927,0,2026-07-21T23:50:08.099,0,,0,false,59C62FDg1QPkulakJIkf6ZpsAiD2,3,2026-07-21T15:50:08.605Z,,
1zxMVUvRBXIFHEx6MbDW,121.1287198161559,Accident,,0.5,false,14.252158488249927,0,2026-07-22T00:31:27.369,0,,0,false,59C62FDg1QPkulakJIkf6ZpsAiD2,3,2026-07-21T16:31:27.864Z,,
2ySYBV7OdWL0Nt5tKtiN,121.1481123,Pothole,,0,false,14.2592629,0,2026-09-18T16:29:06.456973,0,3,0,false,ou8NWvfy19gWGmV5yafPaxEdItA2,3,2026-09-18T08:29:07.122Z,,
3IG6tq2o7VQXE8cZDm9g,121.1287198161559,Reckless Driving,,0.5,false,14.252158488249927,0,2026-07-22T00:03:34.465,0,,0,false,59C62FDg1QPkulakJIkf6ZpsAiD2,3,2026-07-21T16:03:34.965Z,,
3qyb4BjIeP1IOlTwHFf1,121.13272615205595,Hazard,,0.5,false,14.255171764235328,0,2026-07-22T00:22:39.489,0,,0,false,59C62FDg1QPkulakJIkf6ZpsAiD2,4,2026-07-21T16:22:39.998Z,,
4GWOAybwTMuIdwXHOavV,121.1288017,Pothole,,0,false,14.252005,0,2026-10-01T18:04:22.913337,0,141,0,false,5y0AF7w36FZVByZOXNepMIwPQ7D3,4,2026-10-01T10:04:23.940Z,,
4SUOPBDw4TAAWauQ4rfn,121.128395,Pothole,,0.5,false,14.2520944,0,2026-07-24T11:07:02.811325,0,,0,false,jsIHb9K9jmcgTX39OvhwH9tstXv1,4,2026-07-24T03:07:03.194Z,,
4fRdyyzaf4RcB93wNrlG,121.1283931,Reckless Driving,,0.5,false,14.2520921,0,2026-07-24T01:05:01.977615,0,,0,false,59C62FDg1QPkulakJIkf6ZpsAiD2,5,2026-07-23T17:05:02.367Z,,
54RzlGEX1OQqEQy8jsZl,121.1283998,Accident,,0.5,false,14.2520966,0,2026-07-24T10:57:49.725155,0,,0,false,jsIHb9K9jmcgTX39OvhwH9tstXv1,5,2026-07-24T02:57:50.111Z,,
5CHuwWOhNBtcm8pd9u3E,121.12872582439702,Accident,,0.5,false,14.252150189337716,0,2026-07-22T00:15:58.696,0,,0,false,59C62FDg1QPkulakJIkf6ZpsAiD2,5,2026-07-21T16:15:59.191Z,,
5IBxT0uDLcH7FQkEXhPo,121.1284194,Reckless Driving,,0.5,false,14.2519282,0,2026-07-22T00:44:15.600040,0,,0,false,LRLs9XbkGERDmQMHvEaSFfNirOn2,5,2026-07-21T16:44:16.686Z,,
64xw9iMmH97eyTyV3x8s,121.1426538123049,Accident,,0.5,false,14.263145212725252,0,2026-09-18T16:32:26.690482,0,3,0,false,ou8NWvfy19gWGmV5yafPaxEdItA2,2,2026-09-18T08:32:27.194Z,,
6W1xzxADz81bMIpdNPlR,-122.0834,Hazard,,0.5,false,37.422599999999996,0,2026-10-01T17:28:20.295,0,1790846867491,0,false,59C62FDg1QPkulakJIkf6ZpsAiD2,3,2026-10-01T09:28:23.254Z,,
6YJ9HcsFOpkQwKHAM3iw,121.1287198161559,Hazard,,0.5,false,14.252158488249927,0,2026-07-22T00:19:09.681,0,,0,false,59C62FDg1QPkulakJIkf6ZpsAiD2,4,2026-07-21T16:19:11.770Z,,
7Ma1n6e4nlbp8Er866gb,121.1284458,Hazard,,0.5,false,14.2522002,0,2026-07-22T00:14:30.493606,0,,0,false,59C62FDg1QPkulakJIkf6ZpsAiD2,3,2026-07-21T16:14:30.869Z,,
8I5WHHHBHFtKcrFi09MQ,121.1287198161559,Reckless Driving,,0.5,false,14.252158488249927,0,2026-07-21T23:49:56.878,0,,0,false,59C62FDg1QPkulakJIkf6ZpsAiD2,3,2026-07-21T15:49:57.384Z,,
8XtduxrN9SC3iH4I7fCi,121.12870704615729,Hazard,,0.5,false,14.252559947655678,0,2026-09-04T06:05:23.677894,0,,0,false,3tX5EYuP8zgQ24Sl6xecDarnkBz1,3,2026-09-03T22:05:24.470Z,,
8lW6w2ewDh4Ydrs6paDo,121.1283981,Other,overcrowd,0.5,false,14.2520927,0,2026-07-24T11:08:47.331781,0,,0,false,jsIHb9K9jmcgTX39OvhwH9tstXv1,3,2026-07-24T03:08:47.721Z,,
9BQ4Kml8DVCjLc9mUCvT,121.12522,Pothole,,0,false,14.2727733,0,2026-09-19T20:46:15.064709,1,53,0,false,59C62FDg1QPkulakJIkf6ZpsAiD2,4,2026-09-19T13:26:00.385Z,,
9WfcAvj4XKWN3gq6VrvY,121.21498,Sharp Turning,,0,false,14.1729583,5,2026-09-18T21:14:52.514099,0,21,0,false,5y0AF7w36FZVByZOXNepMIwPQ7D3,4,2026-09-18T13:15:09.916Z,,
9Z4rXKow3Ub85uguZTkX,121.1335583,Speeding,,0.5,false,14.2371017,0,2026-09-25T13:25:48.314624,1,0,0,false,uBsstYW7uufckD1T81zb10QnkYD3,4,2026-09-25T05:25:48.875Z,,
BmlHCEhYCBUuXCcNDfZi,121.1283948,Reckless Driving,,0.5,false,14.2520941,0,2026-07-24T00:50:17.812494,0,,0,false,Szrlck7GkQQ18lOpOmnVuYNeInr1,3,2026-07-23T16:50:18.196Z,,
CzqBc57dcyVdpFaW5fzs,121.1481353,Accident,ffffff,0,false,14.2593071,3,2026-09-18T16:43:01.133727,0,,0,false,ou8NWvfy19gWGmV5yafPaxEdItA2,3,2026-09-18T08:43:01.575Z,,
DdfE3UU4L7DVFNMj9QI9,121.1283912,Reckless Driving,hahahaha,0.5,false,14.2520899,0,2026-07-24T01:02:27.794893,0,,0,false,59C62FDg1QPkulakJIkf6ZpsAiD2,3,2026-07-23T17:02:28.176Z,,
DoxHG2GmAFVVLG7yqtii,121.1283939,Pothole,,0.5,false,14.2520971,0,2026-07-24T12:08:24.089351,0,,0,false,F0OJy9ZzxpYy93mtQwGXxdGaNqP2,4,2026-07-24T04:08:24.475Z,,
EGX7KZq0ZeAIND0qpqvQ,121.1283925,Reckless Driving,,0.5,false,14.2520936,0,2026-07-24T00:43:46.724804,0,,0,false,59C62FDg1QPkulakJIkf6ZpsAiD2,4,2026-07-23T16:43:47.361Z,,
ELOQPDKAkqCeyIrYa340,121.1284267,Hazard,,0.5,false,14.2521111,0,2026-09-08T01:57:58.153223,0,0,0,false,hOg4xmol4qfFKqNpgByWMnZ0Hri1,3,2026-09-07T17:57:58.283Z,,
EoadF0rLp2mQNLJnH4Ue,121.1283912,Pothole,,0.5,false,14.2520899,0,2026-07-24T01:02:59.035625,0,,0,false,59C62FDg1QPkulakJIkf6ZpsAiD2,3,2026-07-23T17:02:59.420Z,,
EslaL1EvWhA4eqYnEYXm,121.128394,Pothole,,0.5,false,14.252091,0,2026-07-24T01:08:35.652142,0,,0,false,jsIHb9K9jmcgTX39OvhwH9tstXv1,5,2026-07-23T17:08:36.041Z,,
G95h8vw5WEpCw4EYanrF,121.1284307,Hazard,,0.5,false,14.2521134,0,2026-09-04T14:56:51.034797,0,1,0,false,6FyiDlTJ8GVomwYeFXDo39Xiqzb2,2,2026-09-04T06:56:52.258Z,,
HQXnIEjWgCiv6UaA9ScM,121.1283909,Reckless Driving,,0.5,false,14.2520922,0,2026-07-22T00:11:24.347869,0,,0,false,59C62FDg1QPkulakJIkf6ZpsAiD2,3,2026-07-21T16:11:24.744Z,,
HRNxlrpLhGIiBEfULydF,121.1287383,Sharp Turning,,0,true,14.25214,1,2026-09-28T12:05:52.818251,6,100,0,false,5y0AF7w36FZVByZOXNepMIwPQ7D3,4,2026-09-28T04:07:48.076Z,,
HdAKzrGlVpuhCrVuEfWA,121.1481592,Speeding,,0,false,14.2592812,8,2026-09-18T16:35:52.752726,0,,0,false,ou8NWvfy19gWGmV5yafPaxEdItA2,3,2026-09-18T08:35:53.536Z,,
IDhBSwJSD32FwEKq5zhd,121.1314469842079,Hazard,,0.5,false,14.255964999395736,0,2026-08-10T18:05:44.791430,0,,2,true,59C62FDg1QPkulakJIkf6ZpsAiD2,3,2026-08-10T10:05:45.685Z,Inaccurate,2026-08-10T18:46:21.381Z
Ip6hjT4EenPVW8UGJRvf,121.1446881413956,Speeding,,0.5,false,14.262452911797515,0,2026-09-18T16:58:26.917371,0,0,0,false,59C62FDg1QPkulakJIkf6ZpsAiD2,3,2026-09-18T08:58:27.043Z,,
Iu7rZKikXP3o2z0geCLN,121.12872615205596,Accident,,0.5,false,14.252171764235326,0,2026-07-22T00:29:54.387,0,,0,false,59C62FDg1QPkulakJIkf6ZpsAiD2,4,2026-07-21T16:29:56.647Z,,
J3H9AFzzeRF6aDMdJVy8,121.1283975,Pothole,,0.5,false,14.2520926,0,2026-07-24T20:32:10.255290,0,,0,false,59C62FDg1QPkulakJIkf6ZpsAiD2,4,2026-07-24T12:32:10.648Z,,
JB8lXOuCfXf3hA7MN9Cx,121.1283851,Reckless Driving,,0.5,false,14.2520963,0,2026-07-22T00:38:02.447715,0,,0,false,59C62FDg1QPkulakJIkf6ZpsAiD2,5,2026-07-21T16:38:02.830Z,,
JFrOuSLmiyzKxtdD0z57,121.1283858,Sharp Turning,,0.5,false,14.2520943,0,2026-07-24T12:20:35.478856,0,,0,false,F0OJy9ZzxpYy93mtQwGXxdGaNqP2,4,2026-07-24T04:20:35.851Z,,
JdVzqjruVuJ9WhLxMJQP,121.1283855,Hazard,,0.5,false,14.2520924,0,2026-07-22T00:37:30.025334,0,,0,false,59C62FDg1QPkulakJIkf6ZpsAiD2,4,2026-07-21T16:37:30.869Z,,
KiIIZnc3WPtTbjWwzUey,121.1283394,Pothole,,0.5,false,14.2521361,0,2026-07-24T11:59:46.362405,0,,0,false,59C62FDg1QPkulakJIkf6ZpsAiD2,4,2026-07-24T03:59:46.751Z,,
MVENMaIGKQ6lSGfgo6jm,121.1283981,Pothole,,0.5,false,14.2520927,0,2026-07-24T11:08:22.221523,0,,0,false,jsIHb9K9jmcgTX39OvhwH9tstXv1,5,2026-07-24T03:08:22.901Z,,
MjMCwQCCKhNuXNHYl6bV,121.1282632,Sharp Turning,,0,false,14.2519902,0,2026-09-29T22:17:32.958916,0,125,0,false,5y0AF7w36FZVByZOXNepMIwPQ7D3,3,2026-09-29T14:17:33.760Z,,
MzfzJopLXcDSdMi2LEYX,121.1283945,Reckless Driving,,0.5,false,14.2520934,0,2026-07-24T00:50:09.863539,0,,0,false,Szrlck7GkQQ18lOpOmnVuYNeInr1,5,2026-07-23T16:50:10.546Z,,
N3jL8vUQW49dQgcQCbDE,121.1312051,Reckless Driving,,0.5,false,14.2438188,0,2026-07-23T15:33:43.546430,0,,4,true,59C62FDg1QPkulakJIkf6ZpsAiD2,5,2026-07-23T07:33:44.250Z,Inaccurate,2026-07-24T04:04:33.940Z
OleTs5nUuVXiIykrLV5M,121.1283912,Pothole,,0.5,false,14.2520899,0,2026-07-24T01:02:49.300457,0,,0,false,59C62FDg1QPkulakJIkf6ZpsAiD2,5,2026-07-23T17:02:49.682Z,,
PC1IMMpVj5RfMNQiGxAj,121.1283858,Pothole,,0.5,false,14.2520943,0,2026-07-24T12:23:15.269040,0,,2,true,F0OJy9ZzxpYy93mtQwGXxdGaNqP2,4,2026-07-24T04:23:15.675Z,Inaccurate,2026-07-24T04:50:16.188Z
PzZzqg4LEAVS8qGm3AoT,121.1287338,Sharp Turning,,0,false,14.252218,1,2026-09-28T15:32:22.907910,0,115,0,false,5y0AF7w36FZVByZOXNepMIwPQ7D3,4,2026-09-28T07:32:24.613Z,,
Q8HDGGVqYzIMqsyyW4mJ,121.1335253,Speeding,,0,false,14.2600679,10,2026-09-21T13:39:06.403365,0,,0,false,59C62FDg1QPkulakJIkf6ZpsAiD2,3,2026-09-21T05:41:54.019Z,,
QmdXkwSletcoadIhCHUW,121.12872615205596,Hazard,,0.5,false,14.252171764235326,0,2026-07-22T00:28:38.365,0,,0,false,59C62FDg1QPkulakJIkf6ZpsAiD2,3,2026-07-21T16:28:38.869Z,,
QsFor5xVXcRu6F3KoHsp,121.1287198161559,Accident,,0.5,false,14.252158488249927,0,2026-07-22T00:18:00.290,0,,0,false,59C62FDg1QPkulakJIkf6ZpsAiD2,5,2026-07-21T16:18:02.598Z,,
RwGuex6GzeRNoPyedUIi,121.1283952,Reckless Driving,,0.5,false,14.2520922,0,2026-07-24T01:01:13.403365,0,,0,false,59C62FDg1QPkulakJIkf6ZpsAiD2,5,2026-07-23T17:01:13.794Z,,
SWuZ7gIYcAN8qZl8M0Oa,121.1283998,Reckless Driving,,0.5,false,14.2520966,0,2026-07-24T10:57:34.109293,0,,0,false,jsIHb9K9jmcgTX39OvhwH9tstXv1,5,2026-07-24T02:57:34.797Z,,
TpzJ0LIWA4A0Z0BqeaNc,121.1283983,Hazard,,0.5,false,14.2520892,0,2026-07-27T06:35:21.306244,0,,0,false,59C62FDg1QPkulakJIkf6ZpsAiD2,3,2026-07-26T22:35:41.873Z,,
Uamx9OWGtFWwT16zEVoJ,121.128395,Pothole,,0.5,false,14.2520944,0,2026-07-24T11:06:32.105224,0,,0,false,jsIHb9K9jmcgTX39OvhwH9tstXv1,5,2026-07-24T03:06:32.790Z,,
UrVAPK0BZXOsxKJW2k3l,121.1283931,Reckless Driving,,0.5,false,14.2520921,0,2026-07-24T01:04:27.532378,0,,0,false,59C62FDg1QPkulakJIkf6ZpsAiD2,4,2026-07-23T17:04:28.228Z,,
VQ7gTu1AVD3l9MDypwhy,121.1299065,Pothole,,0,false,14.2468324,0,2026-09-18T20:03:57.632028,0,69,0,false,59C62FDg1QPkulakJIkf6ZpsAiD2,4,2026-09-18T12:03:58.334Z,,
VVWXM9IJroE41IMkRAdG,121.12872582439702,Hazard,,0.5,false,14.252150189337716,0,2026-07-22T00:15:26.373,0,,0,false,59C62FDg1QPkulakJIkf6ZpsAiD2,4,2026-07-21T16:15:26.873Z,,
Va1PMmfweh9CYs5y1d30,121.1284458,Accident,,0.5,false,14.2522002,0,2026-07-22T00:13:52.556145,0,,0,false,59C62FDg1QPkulakJIkf6ZpsAiD2,5,2026-07-21T16:13:53.355Z,,
Vh5C2RQufu1HtgxbJeg9,121.1284223,Sudden Braking,,0,false,14.2521068,1,2026-09-25T20:14:07.528175,0,,0,false,5y0AF7w36FZVByZOXNepMIwPQ7D3,4,2026-09-25T12:14:08.103Z,,
Vnr3JY9MyEiayoxaq4aJ,121.1283887,Reckless Driving,,0.5,false,14.2520942,0,2026-07-24T00:45:38.358298,0,,0,false,Szrlck7GkQQ18lOpOmnVuYNeInr1,5,2026-07-23T16:45:38.738Z,,
VpPMY9B0G3oyvdidJezM,121.1283911,Reckless Driving,haga,0.5,false,14.2520934,0,2026-07-24T00:47:35.506691,0,,0,false,Szrlck7GkQQ18lOpOmnVuYNeInr1,5,2026-07-23T16:47:35.893Z,,
WHv5vO27L73mMLtmfngK,121.1336691,Hazard,,0.5,false,14.2601121,0,2026-07-22T10:37:25.871832,0,,0,false,LRLs9XbkGERDmQMHvEaSFfNirOn2,2,2026-07-22T02:37:26.752Z,,
WzJZSJyQFmy1J2E5Svnr,121.1283949,Hazard,,0.5,false,14.252097,0,2026-07-22T00:42:49.590036,0,,0,false,LRLs9XbkGERDmQMHvEaSFfNirOn2,4,2026-07-21T16:42:50.326Z,,
XENPl5cFwqMacpBx1FI3,121.1283887,Reckless Driving,,0.5,false,14.2520942,0,2026-07-24T00:46:28.716071,0,,0,false,Szrlck7GkQQ18lOpOmnVuYNeInr1,5,2026-07-23T16:46:29.133Z,,
XYYP6qjlZgdnpyMtHSpQ,121.1996283,Speeding,,0,false,14.1732383,4,2026-09-18T21:11:25.784313,0,21,0,false,5y0AF7w36FZVByZOXNepMIwPQ7D3,4,2026-09-18T13:12:38.465Z,,
ZLhdfQOgdDxKvPdKBfQz,-122.08600196072791,Sudden Braking,,0.5,false,37.42360718257939,0,2026-07-24T11:37:20.914,0,,0,false,59C62FDg1QPkulakJIkf6ZpsAiD2,4,2026-07-24T03:37:22.432Z,,
ZgrCzjBlaQVqBrWaGzuQ,121.1287198161559,Accident,,0.5,false,14.252158488249927,0,2026-07-22T00:30:56.343,0,,0,false,59C62FDg1QPkulakJIkf6ZpsAiD2,4,2026-07-21T16:30:56.843Z,,
aHqapYsPhAshHH0g0mAg,121.12873590233261,Hazard,,0.5,false,14.252169811381483,0,2026-07-24T00:10:11.845,0,,0,false,59C62FDg1QPkulakJIkf6ZpsAiD2,4,2026-07-23T16:10:11.975Z,,
aMNhtJUsUEZwrYHCGDh6,121.128395,Pothole,,0.5,false,14.2520944,0,2026-07-24T11:06:50.857811,0,,0,false,jsIHb9K9jmcgTX39OvhwH9tstXv1,4,2026-07-24T03:06:51.239Z,,
bhOPBMIqqYH0vPseTOS9,121.12873590233261,Hazard,,0.5,false,14.252169811381483,0,2026-07-24T00:11:02.084,0,,3,true,59C62FDg1QPkulakJIkf6ZpsAiD2,5,2026-07-23T16:11:02.209Z,Inaccurate,2026-07-24T04:04:47.604Z
cJ28rFmyT9DONNSfOhXz,121.1283952,Hazard,,0.5,false,14.2520922,0,2026-07-24T01:01:20.870454,0,,0,false,59C62FDg1QPkulakJIkf6ZpsAiD2,5,2026-07-23T17:01:21.252Z,,
cZVVEe1oR46qyR8pw6SL,121.13143731604666,Reckless Driving,,0.5,false,14.243471343624929,0,2026-07-22T09:38:54.533918,0,,0,false,LRLs9XbkGERDmQMHvEaSFfNirOn2,5,2026-07-22T02:24:43.134Z,,
cyjoWhVJKHxeh3WcAzA2,121.1283909,Reckless Driving,,0.5,false,14.2520922,0,2026-07-22T00:11:29.100565,0,,0,false,59C62FDg1QPkulakJIkf6ZpsAiD2,4,2026-07-21T16:11:29.498Z,,
czLECHW2Cf36HPbOrvbC,121.12873066706364,Reckless Driving,,0.5,false,14.253366485306188,0,2026-09-04T06:05:30.510094,0,,0,false,3tX5EYuP8zgQ24Sl6xecDarnkBz1,3,2026-09-03T22:05:30.972Z,,
dR1VikPJlTpsZ5W0skAB,121.1284128,Sharp Turning,,0,false,14.2521117,6,2026-09-29T22:23:46.164757,0,,0,false,5y0AF7w36FZVByZOXNepMIwPQ7D3,4,2026-09-29T14:23:46.991Z,,
eW8AXhBDR06lbDOULbVR,121.1283911,Reckless Driving,,0.5,false,14.2520934,0,2026-07-24T00:47:00.069321,0,,0,false,Szrlck7GkQQ18lOpOmnVuYNeInr1,3,2026-07-23T16:47:00.449Z,,
eXTvClv9Fm1p1yr0uFOE,121.1283912,Hazard,,0.5,false,14.2520899,0,2026-07-24T01:02:34.065476,0,,0,false,59C62FDg1QPkulakJIkf6ZpsAiD2,3,2026-07-23T17:02:34.448Z,,
fgk8VLfPbd5gAbyMdJJj,121.1284776,Pothole,,0.5,false,14.2520203,0,2026-07-24T10:58:35.848330,0,,0,false,jsIHb9K9jmcgTX39OvhwH9tstXv1,5,2026-07-24T02:58:36.233Z,,
g4WciBoZaXvcFUPEaVwk,121.1283939,Pothole,,0.5,false,14.2520971,0,2026-07-24T12:07:58.937128,0,,0,false,F0OJy9ZzxpYy93mtQwGXxdGaNqP2,4,2026-07-24T04:07:59.576Z,,
hgFgk5vSRaRn2oA1ZX6m,121.14123213846305,Reckless Driving,,0.5,false,14.218126328592788,0,2026-07-22T19:59:00.329,0,,0,false,59C62FDg1QPkulakJIkf6ZpsAiD2,4,2026-07-22T11:58:59.911Z,,
hndyq8dBJ1hjyNclj9sf,121.12481786699763,Accident,,0.5,false,14.24511321734022,0,2026-09-22T23:04:45.396491,1,0,1,true,5y0AF7w36FZVByZOXNepMIwPQ7D3,2,2026-09-22T15:04:45.777Z,Inaccurate,2026-09-22T18:12:47.672Z
ihK2kXhW7ZJiepXf56Kz,121.1283855,Reckless Driving,,0.5,false,14.2520924,0,2026-07-22T00:36:02.229459,0,,0,false,59C62FDg1QPkulakJIkf6ZpsAiD2,4,2026-07-21T16:36:02.649Z,,
ivvaw3pi0GCKaZBBEL5l,121.1281103,Pothole,,0.5,false,14.2520459,0,2026-07-24T12:19:57.206359,0,,0,false,F0OJy9ZzxpYy93mtQwGXxdGaNqP2,4,2026-07-24T04:19:57.913Z,,
ixraOeeR855wZuRZO63w,121.1570617,Pothole,,0.5,false,14.2351977,0,2026-09-16T14:17:05.544611,0,0,2,true,DRFFYvcIVANI7fH7VcogkmOHXz22,3,2026-09-16T06:17:11.397Z,Inaccurate,2026-09-16T07:43:20.572Z
jJobm154IkFIXYOZ6t7I,121.207315,Speeding,,0.5,false,14.1703783,0,2026-09-18T21:13:19.408302,0,21,0,false,5y0AF7w36FZVByZOXNepMIwPQ7D3,3,2026-09-18T13:13:19.961Z,,
kfDIbHTDzhLJusinOP0c,121.1336748,Sharp Turning,,0.5,false,14.2591589,0,2026-07-24T16:02:40.829209,0,,0,false,F0OJy9ZzxpYy93mtQwGXxdGaNqP2,4,2026-07-24T08:02:41.737Z,,
ktqH9tU2fJ8SP3EYuaHk,121.1283931,Reckless Driving,,0.5,false,14.2520921,0,2026-07-24T01:04:36.217659,0,,0,false,59C62FDg1QPkulakJIkf6ZpsAiD2,5,2026-07-23T17:04:36.607Z,,
l97wActcdQPTxRsUxgmJ,121.1336559,Speeding,,0,false,14.2598805,0,2026-09-21T13:35:27.095657,0,68,1,true,59C62FDg1QPkulakJIkf6ZpsAiD2,3,2026-09-21T05:35:28.709Z,Inaccurate,2026-09-21T06:54:02.269Z
mCiXkjYoCZEPZJJDnetv,121.13112215772941,Hazard,,0.5,false,14.243818441115154,0,2026-07-23T15:22:32.138,0,,3,true,59C62FDg1QPkulakJIkf6ZpsAiD2,4,2026-07-23T07:22:32.450Z,Inaccurate,2026-07-24T04:04:36.163Z
mqGpkTAZ6Sn70dgI3Izf,121.12873590233261,Hazard,,0.5,false,14.252169811381483,0,2026-07-21T23:49:20.268,0,,0,false,59C62FDg1QPkulakJIkf6ZpsAiD2,3,2026-07-21T15:49:22.267Z,,
mu1gOpO8u9q1cUSeI6Pm,121.12873590233261,Hazard,,0.5,false,14.252169811381483,0,2026-07-22T00:27:11.079,0,,0,false,59C62FDg1QPkulakJIkf6ZpsAiD2,4,2026-07-21T16:27:13.539Z,,
n8xH58YNIyEX6FoQMWkt,121.1283858,Pothole,,0.5,false,14.2520943,0,2026-07-24T12:22:56.833370,0,,0,false,F0OJy9ZzxpYy93mtQwGXxdGaNqP2,4,2026-07-24T04:22:57.526Z,,
nIw282AkkHzSQVtHD9v9,121.128395,Accident,,0.5,false,14.2520889,0,2026-07-24T01:00:20.462261,0,,0,false,59C62FDg1QPkulakJIkf6ZpsAiD2,4,2026-07-23T17:00:20.849Z,,
nS3tfbSydPu8nOMbTnqo,121.133987,Reckless Driving,,0,false,14.2594627,7,2026-09-23T11:33:34.940815,0,,0,false,5y0AF7w36FZVByZOXNepMIwPQ7D3,3,2026-09-23T03:33:35.282Z,,
nkP0t8ZacbRw5cQESPEG,121.128395,Reckless Driving,,0.5,false,14.2520889,0,2026-07-24T01:00:11.193941,0,,0,false,59C62FDg1QPkulakJIkf6ZpsAiD2,3,2026-07-23T17:00:11.582Z,,
pOr5pE4cgIYHJlqRllaK,121.1283896,Hazard,,0.5,false,14.2522159,0,2026-09-10T12:26:48.171469,0,0,1,true,C2rC3NGIhRcLtRD66QUUjdiXSuk1,3,2026-09-10T04:26:48.773Z,Inaccurate,2026-09-10T06:59:09.007Z
qbz8pM1ZFdzg7Rg1IKPk,121.1312192,Reckless Driving,,0.5,false,14.2438782,0,2026-07-23T15:29:36.011222,0,,3,true,59C62FDg1QPkulakJIkf6ZpsAiD2,5,2026-07-23T07:29:36.459Z,Inaccurate,2026-07-24T04:04:35.102Z
sW33z8WlaVarceSMsP4S,121.1335506,Speeding,,0,false,14.2600968,10,2026-09-21T13:39:23.995461,0,,0,false,59C62FDg1QPkulakJIkf6ZpsAiD2,3,2026-09-21T05:41:54.097Z,,
sfSUZjisZ93GvYnmZtzz,121.1283887,Pothole,,0.5,false,14.2520942,0,2026-07-24T00:46:35.399951,0,,0,false,Szrlck7GkQQ18lOpOmnVuYNeInr1,5,2026-07-23T16:46:35.780Z,,
udE8U4tKheMVL1NeBAaO,121.13667384521595,Reckless Driving,,0.5,false,14.254933383181351,0,2026-09-29T22:20:32.421254,0,0,0,false,5y0AF7w36FZVByZOXNepMIwPQ7D3,3,2026-09-29T14:20:33.230Z,,
uo90VmspnyOhAhKUNl2N,121.13214943202584,Hazard,,0.5,false,14.24164914051852,0,2026-09-19T16:56:04.042,0,0,2,true,59C62FDg1QPkulakJIkf6ZpsAiD2,3,2026-09-19T08:56:05.979Z,Inaccurate,2026-09-19T10:21:21.544Z
v5lv2Dlz9lwp3aWGddN7,121.1283998,Pothole,,0.5,false,14.2520966,0,2026-07-24T10:58:03.812921,0,,0,false,jsIHb9K9jmcgTX39OvhwH9tstXv1,5,2026-07-24T02:58:04.202Z,,
x2ov7iEdm74T0p6w5JVY,121.21781,Pothole,,0,false,14.1743433,5,2026-09-18T21:15:30.544525,0,21,0,false,5y0AF7w36FZVByZOXNepMIwPQ7D3,4,2026-09-18T13:16:00.482Z,,
xCDV1ApIlPRisDseiemZ,121.1283998,Pothole,,0.5,false,14.2520966,0,2026-07-24T10:58:21.764410,0,,0,false,jsIHb9K9jmcgTX39OvhwH9tstXv1,5,2026-07-24T02:58:22.149Z,,
xDJodv8kWIXQzDJN8Yvn,121.13264123122329,Accident,,0.5,false,14.264831593568584,0,2026-09-23T11:34:25.752675,0,0,0,false,5y0AF7w36FZVByZOXNepMIwPQ7D3,4,2026-09-23T03:34:25.838Z,,
yebXwSKb1eaxEYKdE9xF,121.1283912,Accident,,0.5,false,14.2520899,0,2026-07-24T01:02:06.794207,0,,0,false,59C62FDg1QPkulakJIkf6ZpsAiD2,5,2026-07-23T17:02:07.176Z,,
yyBEgVNsBO3fAMrQXW75,121.1283998,Hazard,,0.5,false,14.2520966,0,2026-07-24T10:57:41.790451,0,,0,false,jsIHb9K9jmcgTX39OvhwH9tstXv1,4,2026-07-24T02:57:42.182Z,,
zEEap7TD1bIzPYLbiYIu,121.1283858,Pothole,,0.5,false,14.2520943,0,2026-07-24T12:20:18.874569,0,,0,false,F0OJy9ZzxpYy93mtQwGXxdGaNqP2,4,2026-07-24T04:20:19.245Z,,
zukw6aBow1idIASk4Zou,121.12872615205596,Reckless Driving,,0.5,false,14.252171764235326,0,2026-07-22T00:28:16.270,0,,0,false,59C62FDg1QPkulakJIkf6ZpsAiD2,4,2026-07-21T16:28:18.232Z,,
